{
  "Get booking" : {
    "transaction" : "Get booking",
    "sampleCount" : 1000,
    "errorCount" : 2,
    "errorPct" : 0.2,
    "meanResTime" : 2457.9649999999965,
    "medianResTime" : 371.5,
    "minResTime" : 242.0,
    "maxResTime" : 61657.0,
    "pct1ResTime" : 967.7999999999984,
    "pct2ResTime" : 1302.7999999999997,
    "pct3ResTime" : 58319.69000000001,
    "throughput" : 13.852909803704268,
    "receivedKBytesPerSec" : 14.472232275201907,
    "sentKBytesPerSec" : 2.3085928300802085
  },
  "Total" : {
    "transaction" : "Total",
    "sampleCount" : 5000,
    "errorCount" : 53,
    "errorPct" : 1.06,
    "meanResTime" : 10270.307400000007,
    "medianResTime" : 527.0,
    "minResTime" : 242.0,
    "maxResTime" : 76775.0,
    "pct1ResTime" : 49758.10000000002,
    "pct2ResTime" : 57984.299999999996,
    "pct3ResTime" : 66851.92999999993,
    "throughput" : 61.96477921949164,
    "receivedKBytesPerSec" : 56.35242826414966,
    "sentKBytesPerSec" : 20.555520539000632
  },
  "createtoken" : {
    "transaction" : "createtoken",
    "sampleCount" : 1000,
    "errorCount" : 15,
    "errorPct" : 1.5,
    "meanResTime" : 39561.68300000002,
    "medianResTime" : 41019.0,
    "minResTime" : 1527.0,
    "maxResTime" : 76775.0,
    "pct1ResTime" : 62640.799999999996,
    "pct2ResTime" : 66839.64999999998,
    "pct3ResTime" : 71131.13,
    "throughput" : 12.698090207232832,
    "receivedKBytesPerSec" : 9.989652048519403,
    "sentKBytesPerSec" : 3.0902612989193927
  },
  "createtbooking" : {
    "transaction" : "createtbooking",
    "sampleCount" : 1000,
    "errorCount" : 2,
    "errorPct" : 0.2,
    "meanResTime" : 6037.475999999998,
    "medianResTime" : 568.5,
    "minResTime" : 243.0,
    "maxResTime" : 63654.0,
    "pct1ResTime" : 35147.0,
    "pct2ResTime" : 50412.0,
    "pct3ResTime" : 57029.73,
    "throughput" : 13.764624913971094,
    "receivedKBytesPerSec" : 12.777039960426702,
    "sentKBytesPerSec" : 6.278282002752925
  },
  "Updatebooking" : {
    "transaction" : "Updatebooking",
    "sampleCount" : 1000,
    "errorCount" : 17,
    "errorPct" : 1.7,
    "meanResTime" : 2169.1619999999994,
    "medianResTime" : 303.5,
    "minResTime" : 244.0,
    "maxResTime" : 61272.0,
    "pct1ResTime" : 887.9999999999998,
    "pct2ResTime" : 1139.6499999999996,
    "pct3ResTime" : 56165.590000000004,
    "throughput" : 13.901245551601424,
    "receivedKBytesPerSec" : 12.407540426559718,
    "sentKBytesPerSec" : 6.784554478112488
  },
  "Update booking with Patch" : {
    "transaction" : "Update booking with Patch",
    "sampleCount" : 1000,
    "errorCount" : 17,
    "errorPct" : 1.7,
    "meanResTime" : 1125.2509999999993,
    "medianResTime" : 292.0,
    "minResTime" : 246.0,
    "maxResTime" : 58854.0,
    "pct1ResTime" : 800.6999999999999,
    "pct2ResTime" : 1040.85,
    "pct3ResTime" : 39288.44,
    "throughput" : 13.967065659175665,
    "receivedKBytesPerSec" : 12.499418948245038,
    "sentKBytesPerSec" : 4.2524122650041205
  }
}