{
  "Get booking" : {
    "transaction" : "Get booking",
    "sampleCount" : 300,
    "errorCount" : 0,
    "errorPct" : 0.0,
    "meanResTime" : 287.32,
    "medianResTime" : 274.0,
    "minResTime" : 246.0,
    "maxResTime" : 425.0,
    "pct1ResTime" : 364.1000000000003,
    "pct2ResTime" : 390.95,
    "pct3ResTime" : 409.94000000000005,
    "throughput" : 42.450827791141926,
    "receivedKBytesPerSec" : 38.13554637752936,
    "sentKBytesPerSec" : 7.088956594028583
  },
  "Total" : {
    "transaction" : "Total",
    "sampleCount" : 1500,
    "errorCount" : 0,
    "errorPct" : 0.0,
    "meanResTime" : 540.7666666666682,
    "medianResTime" : 286.0,
    "minResTime" : 242.0,
    "maxResTime" : 3545.0,
    "pct1ResTime" : 1137.0,
    "pct2ResTime" : 1576.7000000000003,
    "pct3ResTime" : 3381.9700000000003,
    "throughput" : 129.92637505413597,
    "receivedKBytesPerSec" : 113.85678323949762,
    "sentKBytesPerSec" : 43.241121697704635
  },
  "createtoken" : {
    "transaction" : "createtoken",
    "sampleCount" : 300,
    "errorCount" : 0,
    "errorPct" : 0.0,
    "meanResTime" : 1492.9866666666658,
    "medianResTime" : 1137.0,
    "minResTime" : 976.0,
    "maxResTime" : 3545.0,
    "pct1ResTime" : 2858.6000000000004,
    "pct2ResTime" : 3381.85,
    "pct3ResTime" : 3458.9300000000003,
    "throughput" : 28.77697841726619,
    "receivedKBytesPerSec" : 21.829661270983213,
    "sentKBytesPerSec" : 7.1099370503597115
  },
  "createtbooking" : {
    "transaction" : "createtbooking",
    "sampleCount" : 300,
    "errorCount" : 0,
    "errorPct" : 0.0,
    "meanResTime" : 286.66,
    "medianResTime" : 277.0,
    "minResTime" : 242.0,
    "maxResTime" : 425.0,
    "pct1ResTime" : 320.90000000000003,
    "pct2ResTime" : 358.9,
    "pct3ResTime" : 406.0,
    "throughput" : 42.49893752656184,
    "receivedKBytesPerSec" : 39.35800042498938,
    "sentKBytesPerSec" : 19.423342541436465
  },
  "Updatebooking" : {
    "transaction" : "Updatebooking",
    "sampleCount" : 300,
    "errorCount" : 0,
    "errorPct" : 0.0,
    "meanResTime" : 324.09000000000015,
    "medianResTime" : 281.5,
    "minResTime" : 248.0,
    "maxResTime" : 515.0,
    "pct1ResTime" : 477.50000000000017,
    "pct2ResTime" : 491.9,
    "pct3ResTime" : 507.97,
    "throughput" : 42.360914995763906,
    "receivedKBytesPerSec" : 37.98362044620164,
    "sentKBytesPerSec" : 20.684040525275346
  },
  "Update booking with Patch" : {
    "transaction" : "Update booking with Patch",
    "sampleCount" : 300,
    "errorCount" : 0,
    "errorPct" : 0.0,
    "meanResTime" : 312.7766666666665,
    "medianResTime" : 280.0,
    "minResTime" : 246.0,
    "maxResTime" : 506.0,
    "pct1ResTime" : 421.90000000000003,
    "pct2ResTime" : 482.0,
    "pct3ResTime" : 500.94000000000005,
    "throughput" : 42.313117066290545,
    "receivedKBytesPerSec" : 38.16224435825106,
    "sentKBytesPerSec" : 12.892277856135403
  }
}