{
  "Get booking" : {
    "transaction" : "Get booking",
    "sampleCount" : 900,
    "errorCount" : 0,
    "errorPct" : 0.0,
    "meanResTime" : 365.3511111111108,
    "medianResTime" : 323.0,
    "minResTime" : 276.0,
    "maxResTime" : 3272.0,
    "pct1ResTime" : 462.9,
    "pct2ResTime" : 507.89999999999986,
    "pct3ResTime" : 961.4500000000005,
    "throughput" : 89.25029750099168,
    "receivedKBytesPerSec" : 80.4740182467275,
    "sentKBytesPerSec" : 14.642626933756446
  },
  "Total" : {
    "transaction" : "Total",
    "sampleCount" : 4500,
    "errorCount" : 0,
    "errorPct" : 0.0,
    "meanResTime" : 863.0575555555538,
    "medianResTime" : 404.0,
    "minResTime" : 276.0,
    "maxResTime" : 9818.0,
    "pct1ResTime" : 2096.800000000002,
    "pct2ResTime" : 3453.95,
    "pct3ResTime" : 5734.189999999982,
    "throughput" : 286.788604932764,
    "receivedKBytesPerSec" : 251.85740432413485,
    "sentKBytesPerSec" : 94.60663158817155
  },
  "createtoken" : {
    "transaction" : "createtoken",
    "sampleCount" : 900,
    "errorCount" : 0,
    "errorPct" : 0.0,
    "meanResTime" : 2635.5044444444447,
    "medianResTime" : 2065.5,
    "minResTime" : 1120.0,
    "maxResTime" : 9818.0,
    "pct1ResTime" : 5020.0,
    "pct2ResTime" : 5730.949999999994,
    "pct3ResTime" : 6906.75,
    "throughput" : 63.22888857664746,
    "receivedKBytesPerSec" : 48.26005295419418,
    "sentKBytesPerSec" : 15.436740375158072
  },
  "createtbooking" : {
    "transaction" : "createtbooking",
    "sampleCount" : 900,
    "errorCount" : 0,
    "errorPct" : 0.0,
    "meanResTime" : 361.97333333333336,
    "medianResTime" : 336.0,
    "minResTime" : 276.0,
    "maxResTime" : 3007.0,
    "pct1ResTime" : 434.0,
    "pct2ResTime" : 462.94999999999993,
    "pct3ResTime" : 1095.94,
    "throughput" : 85.59201141226819,
    "receivedKBytesPerSec" : 79.66966833095577,
    "sentKBytesPerSec" : 38.86746611982881
  },
  "Updatebooking" : {
    "transaction" : "Updatebooking",
    "sampleCount" : 900,
    "errorCount" : 0,
    "errorPct" : 0.0,
    "meanResTime" : 483.13111111111056,
    "medianResTime" : 408.0,
    "minResTime" : 278.0,
    "maxResTime" : 3940.0,
    "pct1ResTime" : 748.0,
    "pct2ResTime" : 782.0,
    "pct3ResTime" : 1050.8700000000001,
    "throughput" : 89.10891089108911,
    "receivedKBytesPerSec" : 79.90563118811882,
    "sentKBytesPerSec" : 43.249149133663366
  },
  "Update booking with Patch" : {
    "transaction" : "Update booking with Patch",
    "sampleCount" : 900,
    "errorCount" : 0,
    "errorPct" : 0.0,
    "meanResTime" : 469.32777777777795,
    "medianResTime" : 426.0,
    "minResTime" : 278.0,
    "maxResTime" : 1521.0,
    "pct1ResTime" : 726.5999999999999,
    "pct2ResTime" : 749.0,
    "pct3ResTime" : 932.0,
    "throughput" : 89.05600633287156,
    "receivedKBytesPerSec" : 80.02053235701564,
    "sentKBytesPerSec" : 26.87334566099347
  }
}