{
  "Get booking" : {
    "transaction" : "Get booking",
    "sampleCount" : 700,
    "errorCount" : 0,
    "errorPct" : 0.0,
    "meanResTime" : 751.8214285714289,
    "medianResTime" : 717.5,
    "minResTime" : 242.0,
    "maxResTime" : 4021.0,
    "pct1ResTime" : 1221.8,
    "pct2ResTime" : 1398.6999999999996,
    "pct3ResTime" : 1765.92,
    "throughput" : 59.972583961617545,
    "receivedKBytesPerSec" : 53.8689010023989,
    "sentKBytesPerSec" : 10.01495298577793
  },
  "Total" : {
    "transaction" : "Total",
    "sampleCount" : 3500,
    "errorCount" : 0,
    "errorPct" : 0.0,
    "meanResTime" : 1519.661714285714,
    "medianResTime" : 1022.5,
    "minResTime" : 239.0,
    "maxResTime" : 14206.0,
    "pct1ResTime" : 3330.6000000000013,
    "pct2ResTime" : 5211.799999999999,
    "pct3ResTime" : 8742.289999999985,
    "throughput" : 197.3053723434241,
    "receivedKBytesPerSec" : 172.65805569648796,
    "sentKBytesPerSec" : 65.66569423304583
  },
  "createtoken" : {
    "transaction" : "createtoken",
    "sampleCount" : 700,
    "errorCount" : 0,
    "errorPct" : 0.0,
    "meanResTime" : 3926.288571428572,
    "medianResTime" : 3285.0,
    "minResTime" : 1156.0,
    "maxResTime" : 14206.0,
    "pct1ResTime" : 7248.9,
    "pct2ResTime" : 8739.449999999995,
    "pct3ResTime" : 12040.710000000003,
    "throughput" : 42.145824552953215,
    "receivedKBytesPerSec" : 31.95203842796074,
    "sentKBytesPerSec" : 10.412982042868324
  },
  "createtbooking" : {
    "transaction" : "createtbooking",
    "sampleCount" : 700,
    "errorCount" : 0,
    "errorPct" : 0.0,
    "meanResTime" : 829.0057142857144,
    "medianResTime" : 660.0,
    "minResTime" : 239.0,
    "maxResTime" : 3950.0,
    "pct1ResTime" : 1445.6999999999998,
    "pct2ResTime" : 2235.9999999999973,
    "pct3ResTime" : 3298.170000000001,
    "throughput" : 56.06279032516418,
    "receivedKBytesPerSec" : 51.88561188531155,
    "sentKBytesPerSec" : 25.622447140797693
  },
  "Updatebooking" : {
    "transaction" : "Updatebooking",
    "sampleCount" : 700,
    "errorCount" : 0,
    "errorPct" : 0.0,
    "meanResTime" : 1049.5085714285715,
    "medianResTime" : 1072.5,
    "minResTime" : 247.0,
    "maxResTime" : 2079.0,
    "pct1ResTime" : 1519.6,
    "pct2ResTime" : 1543.0,
    "pct3ResTime" : 1745.97,
    "throughput" : 60.72172102706454,
    "receivedKBytesPerSec" : 54.39710650156141,
    "sentKBytesPerSec" : 29.649277845246356
  },
  "Update booking with Patch" : {
    "transaction" : "Update booking with Patch",
    "sampleCount" : 700,
    "errorCount" : 0,
    "errorPct" : 0.0,
    "meanResTime" : 1041.6842857142854,
    "medianResTime" : 1086.5,
    "minResTime" : 244.0,
    "maxResTime" : 2551.0,
    "pct1ResTime" : 1478.0,
    "pct2ResTime" : 1523.0,
    "pct3ResTime" : 1904.96,
    "throughput" : 61.739283824307634,
    "receivedKBytesPerSec" : 55.4240992679485,
    "sentKBytesPerSec" : 18.811188040218735
  }
}